{
    "simulation": {
        "max_iterations": 100000,
        "convergence_delta": 5
    },
    "coordinator": {
        "step_size": "0.425*k**(-0.849)",
        "sigma": "0.05*k**(-0.075)",
        "time_horizon": 24,
        "cost_function": 1
    },
    "grids": [
        {"quantity": 1,
        "load_profile": "load_profiles/03_02_2010_HH0.txt",
        "generators": [
            {"max_prod": 11, "max_change": 5.5, "daily_min": 13.2, "daily_max": 198, "cost_a": 0.1, "cost_b": 0.5, "quantity": 1}
            ],
        "batteries": [
        ]
        },
        {"quantity": 1,
        "load_profile": "load_profiles/03_02_2010_HH0.txt",
        "generators": [
            ],
        "batteries": [
            {"max_cap": 12.23, "max_change": 11, "initial_charge": 0.5, "leakage": 0.1, "quantity": 1}
        ]
        },        
        {"quantity": 1,
        "load_profile": "load_profiles/03_02_2010_HH0.txt",
        "generators": [
            {"max_prod": 11, "max_change": 5.5, "daily_min": 13.2, "daily_max": 198, "cost_a": 0.1, "cost_b": 0.5, "quantity": 1}
            ],
        "batteries": [
            {"max_cap": 12.23, "max_change": 11, "initial_charge": 0.5, "leakage": 0.1, "quantity": 1}
        ]
        },
      {"quantity": 1,
        "load_profile": "load_profiles/03_02_2010_HH0.txt",
        "generators": [
            ],
        "batteries": [
        ]
        }
    ]
}
