{    
    "simulation": {
        "max_iterations": 4000,
        "convergence_delta": 1
    },
    "coordinator": {
        "step_size": "0.1*k**(-0.5)",
        "sigma": "1*k**(-0.25)",
        "time_horizon": 24,
        "cost_function": 1
    },
    "grids": [
        {"quantity": 3,
        "load_profile": "load_profiles/01_01_2010_HG0.txt",
        "generators": [
            {"max_prod": 5, "max_change": 2, "daily_min": 5, "daily_max": 20, "cost_a": 0.1, "cost_b": 1, "quantity": 1}
            ],
        "batteries": [
            {"max_cap": 50, "max_change": 2, "initial_charge": 0.5, "leakage": 0.02, "quantity": 1}
        ]
        }    
    ]
}