{
    "simulation": {
        "max_iterations": 4000,
        "convergence_delta": 1
    },
    "coordinator": {
        "step_size": "0.01*k**(-0.648)",
        "sigma": "0.3*k**(-0.176)",
        "time_horizon": 24,
        "cost_function": 2.71
    },
    "grids": [
        {"quantity": 4,
        "load_profile": "load_profiles/01_01_2010_HG0.txt",
        "generators": [
            {"max_prod": 3, "max_change": 2, "daily_min": 3, "daily_max": 20, "cost_a": 0.1, "cost_b": 1, "quantity": 1}
            ],
        "batteries": [
            {"max_cap": 5, "max_change": 2, "initial_charge": 0.5, "leakage": 0.05, "quantity": 1}
        ]
        },
       {"quantity": 1,
        "load_profile": "load_profiles/01_01_2010_HG0.txt",
        "generators": [
            {"max_prod": 3, "max_change": 2, "daily_min": 3, "daily_max": 20, "cost_a": 0.3, "cost_b": 1, "quantity": 1}
            ],
        "batteries": [

        ]
        },
       {"quantity": 1,
        "load_profile": "load_profiles/01_01_2010_HG0.txt",
        "generators": [

            ],
        "batteries": [
            {"max_cap": 5, "max_change": 2, "initial_charge": 0.5, "leakage": 0.02, "quantity": 3}
        ]
        },
      {"quantity": 1,
        "load_profile": "load_profiles/01_01_2010_HG0.txt",
        "generators": [
            ],
        "batteries": [
        ]
        }
    ]
}